filename;tini;tfin;m_event_type;user;date_time_annotation;freqmin;freqmax
BCA_N_1_20230530_064810.wav;6,822064;7,207789;Dolphin whistle SD;Carles Gallardo;2023-06-12 12:12:11;5423,53352;7193,08659
BCA_N_1_20230530_064810.wav;7,58974;8,216962;Dolphin whistle SD;Carles Gallardo;2023-06-12 12:12:50;9215,43296;13007,3324
BCA_N_1_20230530_064810.wav;47,48576;48,27398;Dolphin whistle SD;Carles Gallardo;2023-06-12 12:13:33;6940,2933;11174,581
BCA_N_1_20230530_064810.wav;150,7011;151,9979;Dolphin echolocation clicks SD;Carles Gallardo;2023-06-12 12:22:24;29389,7521;52377,706
BCA_N_1_20230530_064810.wav;158,1856;158,8542;Dolphin whistle SD;Carles Gallardo;2023-06-12 12:22:44;6301,41411;9915,24092
BCA_N_1_20230530_064810.wav;161,5127;161,8991;Dolphin whistle SD;Carles Gallardo;2023-06-12 12:22:57;7706,7912;12826,3792
BCA_N_1_20230530_064810.wav;162,1141;162,7054;Dolphin whistle SD;Carles Gallardo;2023-06-12 12:23:09;6502,18226;8911,40014
BCA_N_1_20230530_064810.wav;167,5107;168,6612;Dolphin whistle SD;Carles Gallardo;2023-06-12 12:17:07;7877,44413;15616,6201
BCA_N_1_20230530_064810.wav;175,8245;176,1565;Dolphin whistle SD;Carles Gallardo;2023-06-12 12:18:37;5416,28841;7998,34148
BCA_N_1_20230530_064810.wav;178,4209;178,7865;Dolphin whistle SD;Carles Gallardo;2023-06-12 12:18:53;8577,07751;12361,1208
BCA_N_1_20230530_064810.wav;182,1056;182,4175;Dolphin whistle SD;Carles Gallardo;2023-06-12 12:19:13;7686,71439;10624,9127
BCA_N_1_20230530_064810.wav;182,6288;183,0682;Dolphin whistle SD;Carles Gallardo;2023-06-12 12:19:23;7197,01466;13296,0021
BCA_N_1_20230530_064810.wav;200,924;201,2359;Dolphin whistle SD;Carles Gallardo;2023-06-12 12:19:57;8087,37779;9868,10405
BCA_N_1_20230530_065830.wav;0;89,881;Dolphin echolocation clicks SD;Carles Gallardo;2023-06-13 15:14:12;2813,37291;52021,8226
BCA_N_1_20230530_065830.wav;1,47454;2,2356;Dolphin whistle SD;Carles Gallardo;2023-06-13 15:13:22;13772,6082;15595,9323
BCA_N_1_20230530_065830.wav;20,4118;21,9062;Dolphin echolocation clicks SD;Carles Gallardo;2023-06-13 15:10:48;5270,77514;16276,7109
BCA_N_1_20230530_065830.wav;38,7615;39,0573;Dolphin burst SC;Carles Gallardo;2023-06-13 15:11:47;14163,3205;26991,7074
BCA_N_1_20230530_065830.wav;42,4114;43,1838;Dolphin whistle SD;Carles Gallardo;2023-06-13 15:11:20;4667,07402;13258,2053
BCA_N_1_20230530_065830.wav;60,3664;61,4248;Dolphin whistle SD;Carles Gallardo;2023-06-13 15:12:37;10646,9099;13902,8457
BCA_N_1_20230530_065830.wav;60,946;61,8029;Dolphin whistle SD;Carles Gallardo;2023-06-13 15:12:42;13902,8457;16051,7633
BCA_N_1_20230530_065830.wav;65,0615;65,7571;Dolphin whistle SD;Carles Gallardo;2023-06-13 15:12:50;6479,31215;12014,4029
BCA_N_1_20230530_065830.wav;68,146;68,6601;Dolphin whistle SD;Carles Gallardo;2023-06-13 15:12:57;10777,1473;13381,8959
BCA_N_1_20230530_065830.wav;74,0452;74,5089;Dolphin whistle SD;Carles Gallardo;2023-06-13 15:13:03;11688,8094;15270,3387
BCA_N_1_20230530_065830.wav;86,0351;86,892;Dolphin whistle SD;Carles Gallardo;2023-06-13 15:13:11;10972,5035;13837,727
BCA_N_1_20230530_065959.wav;0;210,619;Dolphin echolocation clicks SD;Carles Gallardo;2023-06-13 15:26:15;2926,15223;65245,2863
BCA_N_1_20230530_065959.wav;3,642882;4,56523;Dolphin whistle SD;Carles Gallardo;2023-06-13 15:26:02;7671,26397;20799,4064
BCA_N_1_20230530_065959.wav;9,179219;9,617712;Dolphin whistle SD;Carles Gallardo;2023-06-13 15:15:39;10256,1976;17679,7311
BCA_N_1_20230530_065959.wav;30,19434;31,06629;Dolphin whistle SD;Carles Gallardo;2023-06-13 15:15:55;6414,19344;14358,6767
BCA_N_1_20230530_065959.wav;30,34554;30,91508;Dolphin whistle SD;Carles Gallardo;2023-06-13 15:16:02;13902,8457;20089,1236
BCA_N_1_20230530_065959.wav;32,57754;33,14708;Dolphin whistle SD;Carles Gallardo;2023-06-13 15:16:24;8758,46718;13577,2521
BCA_N_1_20230530_065959.wav;33,0866;33,9031;Dolphin whistle SD;Carles Gallardo;2023-06-13 15:16:30;10646,9099;19503,0552
BCA_N_1_20230530_065959.wav;57,92147;58,87406;Dolphin whistle SD;Carles Gallardo;2023-06-13 15:16:50;5958,36243;10972,5035
BCA_N_1_20230530_065959.wav;58,9043;59,81153;Dolphin whistle SD;Carles Gallardo;2023-06-13 15:16:55;6479,31215;13251,6585
BCA_N_1_20230530_065959.wav;59,85109;60,65247;Dolphin whistle SD;Carles Gallardo;2023-06-13 15:17:03;8302,63617;15791,2884
BCA_N_1_20230530_065959.wav;91,45932;91,9331;Dolphin whistle SD;Carles Gallardo;2023-06-13 15:17:17;10256,1976;13316,7772
BCA_N_1_20230530_065959.wav;106,1216;106,9684;Dolphin whistle SD;Carles Gallardo;2023-06-13 15:17:31;7521,21159;16182,0007
BCA_N_1_20230530_065959.wav;132,3152;133,2325;Dolphin whistle SD;Carles Gallardo;2023-06-13 15:17:57;8107,28003;16572,713
BCA_N_1_20230530_065959.wav;133,0612;134,1045;Dolphin whistle SD;Carles Gallardo;2023-06-13 15:18:01;9018,94204;17028,544
BCA_N_1_20230530_065959.wav;136,1418;137,1297;Dolphin whistle SD;Carles Gallardo;2023-06-13 15:18:08;5763,00628;11428,3345
BCA_N_1_20230530_065959.wav;139,3714;140,5105;Dolphin whistle SD;Carles Gallardo;2023-06-13 15:18:22;7977,0426;16898,3066
BCA_N_1_20230530_065959.wav;139,689;140,4752;Dolphin whistle SD;Carles Gallardo;2023-06-13 15:18:34;9409,65433;16116,882
BCA_N_1_20230530_065959.wav;140,2585;140,6113;Dolphin whistle SD;Carles Gallardo;2023-06-13 15:18:29;8107,28003;11819,0468
BCA_N_1_20230530_065959.wav;140,2635;141,579;Dolphin whistle SD;Carles Gallardo;2023-06-13 15:18:41;6088,59986;17809,9686
BCA_N_1_20230530_065959.wav;142,7142;143,6214;Dolphin whistle SD;Carles Gallardo;2023-06-13 15:18:52;9279,4169;15530,8135
BCA_N_1_20230530_065959.wav;145,5226;146,4198;Dolphin whistle SD;Carles Gallardo;2023-06-13 15:18:59;6088,59986;11102,7409
BCA_N_1_20230530_065959.wav;154,5781;155,4198;Dolphin whistle SD;Carles Gallardo;2023-06-13 15:21:40;7000,26187;13186,5398
BCA_N_1_20230530_065959.wav;155,1174;155,5307;Dolphin whistle SD;Carles Gallardo;2023-06-13 15:21:48;11037,6222;21391,4979
BCA_N_1_20230530_065959.wav;161,0143;162,4357;Dolphin whistle SD;Carles Gallardo;2023-06-13 15:22:16;6349,07472;21651,9728
BCA_N_1_20230530_065959.wav;162,1786;163,3328;Dolphin whistle SD;Carles Gallardo;2023-06-13 15:22:25;6088,59986;17419,2563
BCA_N_1_20230530_065959.wav;162,8417;163,8498;Dolphin whistle SD;Carles Gallardo;2023-06-13 15:22:32;8758,46718;16116,882
BCA_N_1_20230530_065959.wav;163,3861;163,6885;Dolphin whistle SD;Carles Gallardo;2023-06-13 15:22:35;8367,75489;10646,9099
BCA_N_1_20230530_065959.wav;166,1441;166,7086;Dolphin whistle SD;Carles Gallardo;2023-06-13 15:22:45;9409,65433;13577,2521
BCA_N_1_20230530_065959.wav;187,6889;189,2463;Dolphin whistle SD;Carles Gallardo;2023-06-13 15:23:08;6153,71858;21456,6166
BCA_N_1_20230530_065959.wav;189,2592;190,4789;Dolphin whistle SD;Carles Gallardo;2023-06-13 15:23:16;7000,26187;17549,4937
BCA_N_1_20230530_065959.wav;190,7062;191,5882;Dolphin whistle SD;Carles Gallardo;2023-06-13 15:23:32;9259,77654;15293,2961
BCA_N_1_20230530_065959.wav;193,3332;194,2051;Dolphin whistle SD;Carles Gallardo;2023-06-13 15:23:40;8254,18994;16215,0838
BCA_N_1_20230530_065959.wav;195,4864;196,7465;Dolphin whistle SD;Carles Gallardo;2023-06-13 15:24:00;6578,21229;22500
BCA_N_1_20230530_065959.wav;196,5247;197,7343;Dolphin whistle SD;Carles Gallardo;2023-06-13 15:24:05;6494,41341;18393,8547
BCA_N_1_20230530_065959.wav;199,0207;199,9481;Dolphin whistle SD;Carles Gallardo;2023-06-13 15:24:11;7918,99441;16215,0838
BCA_N_1_20230530_065959.wav;200,609;201,7682;Dolphin whistle SD;Carles Gallardo;2023-06-13 15:24:18;9175,97765;17136,8715
BCA_N_1_20230530_065959.wav;204,794;205,918;Dolphin whistle SD;Carles Gallardo;2023-06-13 15:24:27;7500;22164,8045
BCA_N_1_20230530_070339.wav;1,291297;3,860448;Dolphin echolocation clicks SD;Carles Gallardo;2023-06-13 15:44:06;11100,0349;54886,3478
BCA_N_1_20230530_070339.wav;7,040524;9,988394;Dolphin echolocation clicks SD;Carles Gallardo;2023-06-13 15:44:20;2915,67737;54784,0433
BCA_N_1_20230530_070339.wav;15,97428;16,21662;Dolphin whistle SD;Carles Gallardo;2023-06-13 15:41:30;12991,1837;21782,2102
BCA_N_1_20230530_070339.wav;16,6831;18,17246;Dolphin whistle SD;Carles Gallardo;2023-06-13 15:41:21;5763,00628;21391,4979
BCA_N_1_20230530_070339.wav;18,35614;18,8711;Dolphin whistle SD;Carles Gallardo;2023-06-13 15:41:47;6674,6683;9865,48534
BCA_N_1_20230530_070339.wav;21,95605;26,2287;Dolphin echolocation clicks SD;Carles Gallardo;2023-06-13 15:44:46;3427,19972;54374,8254
BCA_N_1_20230530_070339.wav;24,51847;25,92705;Dolphin whistle SD;Carles Gallardo;2023-06-13 15:41:07;6153,71858;20870,5482
BCA_N_1_20230530_070339.wav;40,06878;41,45211;Dolphin whistle SD;Carles Gallardo;2023-06-13 15:40:46;7000,26187;21586,8541
BCA_N_1_20230530_070339.wav;63,59422;64,12433;Dolphin whistle SD;Carles Gallardo;2023-06-13 15:40:25;6283,95601;9865,48534
BCA_N_1_20230530_070339.wav;65,29631;66,10915;Dolphin whistle SD;Carles Gallardo;2023-06-13 15:40:19;9474,77304;14944,7451
BCA_N_1_20230530_070339.wav;67,70057;69,15964;Dolphin whistle SD;Carles Gallardo;2023-06-13 15:39:55;6479,31215;21391,4979
BCA_N_1_20230530_070339.wav;68,04388;69,1142;Dolphin whistle SD;Carles Gallardo;2023-06-13 15:40:11;14749,389;25298,6208
BCA_N_1_20230530_070339.wav;69,62015;70,39765;Dolphin whistle SD;Carles Gallardo;2023-06-13 15:39:00;5763,00628;16442,4756
BCA_N_1_20230530_070339.wav;70,55416;71,78603;Dolphin whistle SD;Carles Gallardo;2023-06-13 15:39:32;9344,53561;20740,3108
BCA_N_1_20230530_070339.wav;70,85203;71,88196;Dolphin whistle SD;Carles Gallardo;2023-06-13 15:39:10;6479,31215;12470,2339
BCA_N_1_20230530_070339.wav;70,87727;71,62952;Dolphin whistle SD;Carles Gallardo;2023-06-13 15:39:46;18721,6306;26405,639
BCA_N_1_20230530_070339.wav;80,93817;82,41415;Dolphin whistle SD;Carles Gallardo;2023-06-13 15:45:17;5882,50698;21023,5684
BCA_N_1_20230530_070339.wav;114,9447;116,3584;Dolphin whistle SD;Carles Gallardo;2023-06-13 15:38:18;6739,78701;21196,1418
BCA_N_1_20230530_070339.wav;116,5465;117,1978;Dolphin whistle SD;Carles Gallardo;2023-06-13 15:38:24;6153,71858;11949,2842
BCA_N_1_20230530_070339.wav;119,1975;120,0993;Dolphin whistle SD;Carles Gallardo;2023-06-13 15:45:41;5473,28911;11918,4707
BCA_N_1_20230530_070339.wav;120,1414;121,1274;Dolphin whistle SD;Carles Gallardo;2023-06-13 15:45:49;9156,25;21944,3087
BCA_N_1_20230530_070339.wav;140,9518;141,9262;Dolphin whistle SD;Carles Gallardo;2023-06-13 15:37:38;9670,12919;20870,5482
BCA_N_1_20230530_070339.wav;141,2244;141,8656;Dolphin whistle SD;Carles Gallardo;2023-06-13 15:37:44;19763,53;26535,8764
BCA_N_1_20230530_070339.wav;145,9458;146,8445;Dolphin whistle SD;Carles Gallardo;2023-06-13 15:36:56;4330,39455;16312,2381
BCA_N_1_20230530_070339.wav;146,8284;148,135;Dolphin whistle SD;Carles Gallardo;2023-06-13 15:37:15;6218,83729;20479,8359
BCA_N_1_20230530_070339.wav;146,8445;147,2635;Dolphin whistle SD;Carles Gallardo;2023-06-13 15:37:01;4916,46299;12535,3527
BCA_N_1_20230530_070339.wav;147,2787;147,8391;Dolphin whistle SD;Carles Gallardo;2023-06-13 15:37:05;6349,07472;10842,2661
BCA_N_1_20230530_070339.wav;148,1345;149,4926;Dolphin whistle SD;Carles Gallardo;2023-06-13 15:37:26;6674,6683;18200,6809
BCA_N_1_20230530_070339.wav;188,3699;189,42;Dolphin whistle SD;Carles Gallardo;2023-06-13 15:36:02;7977,0426;21847,3289
BCA_N_1_20230530_070339.wav;188,6223;189,3645;Dolphin whistle SD;Carles Gallardo;2023-06-13 15:36:25;18916,9867;25884,6892
BCA_N_1_20230530_070339.wav;199,648;200,799;Dolphin whistle SD;Carles Gallardo;2023-06-13 15:35:22;6609,54958;16768,0691
BCA_N_1_20230530_070339.wav;200,2942;201,4301;Dolphin whistle SD;Carles Gallardo;2023-06-13 15:35:40;9735,24791;20349,5985
BCA_N_1_20230530_070339.wav;200,5163;201,3039;Dolphin whistle SD;Carles Gallardo;2023-06-13 15:36:40;20024,0049;26666,1138
BCA_N_1_20230530_070339.wav;216,6523;216,7581;Dolphin whistle SD;Carles Gallardo;2023-06-13 15:34:52;11232,9784;13772,6082
BCA_N_1_20230530_070339.wav;218,2721;219,6077;Dolphin whistle SD;Carles Gallardo;2023-06-13 15:34:33;6609,54958;21000,7856
BCA_N_1_20230530_070339.wav;219,6953;220,794;Dolphin whistle SD;Carles Gallardo;2023-06-13 15:34:18;7065,38059;16182,0007
BCA_N_1_20230530_070339.wav;224,1915;225,4112;Dolphin whistle SD;Carles Gallardo;2023-06-13 15:34:04;9149,17947;22042,6851
BCA_N_1_20230530_070339.wav;242,2923;243,2398;Dolphin echolocation clicks SD;Carles Gallardo;2023-06-13 15:33:50;9539,89176;21651,9728
BCA_N_1_20230530_070339.wav;250,8891;251,882;Dolphin echolocation clicks SD;Carles Gallardo;2023-06-13 15:33:33;6414,19344;17679,7311
BCA_N_1_20230530_070339.wav;250,8891;252,3003;Dolphin echolocation clicks SD;Carles Gallardo;2023-06-13 15:33:39;9735,24791;20740,3108
BCA_N_1_20230530_070339.wav;269,7812;270,759;Dolphin whistle SD;Carles Gallardo;2023-06-13 15:33:16;9865,48534;21456,6166
BCA_N_1_20230530_070339.wav;298,1669;299,2304;Dolphin whistle SD;Carles Gallardo;2023-06-13 15:32:36;5893,24372;16768,0691
BCA_N_1_20230530_070339.wav;298,923;299,1901;Dolphin whistle SD;Carles Gallardo;2023-06-13 15:32:39;11688,8094;14619,1515
BCA_N_1_20230530_070849.wav;4,741405;5,717324;Dolphin whistle SD;Carles Gallardo;2023-06-13 16:14:54;8849,33659;15192,2137
BCA_N_1_20230530_070849.wav;30,28705;31,42281;Dolphin whistle SD;Carles Gallardo;2023-06-13 16:15:19;6394,02933;16829,0852
BCA_N_1_20230530_070849.wav;31,30503;32,1211;Dolphin whistle SD;Carles Gallardo;2023-06-13 16:15:24;9360,85894;12839,2109
BCA_N_1_20230530_070849.wav;46,84347;47,66795;Dolphin whistle SD;Carles Gallardo;2023-06-13 16:15:36;9360,85894;13657,6466
BCA_N_1_20230530_070849.wav;48,3941;49,01667;Dolphin whistle SD;Carles Gallardo;2023-06-13 16:15:42;6700,94274;11406,9483
BCA_N_1_20230530_070849.wav;55,9012;56,66679;Dolphin whistle SD;Carles Gallardo;2023-06-13 16:15:49;9360,85894;13146,1243
BCA_N_1_20230530_070849.wav;95,1341;96,09319;Dolphin whistle SD;Carles Gallardo;2023-06-13 16:16:26;8747,03212;21842,0042
BCA_N_1_20230530_070849.wav;124,6713;125,1854;Dolphin whistle SD;Carles Gallardo;2023-06-13 16:44:27;7195,61802;14358,6767
BCA_N_1_20230530_070849.wav;128,4334;129,1737;Dolphin whistle SD;Carles Gallardo;2023-06-13 16:16:47;8849,33659;14782,9958
BCA_N_1_20230530_070849.wav;170,9694;171,9201;Dolphin whistle SD;Carles Gallardo;2023-06-13 16:17:13;6291,72486;16931,3897
BCA_N_1_20230530_070849.wav;171,5078;172,0126;Dolphin whistle SD;Carles Gallardo;2023-06-13 16:17:21;10383,9036;13657,6466
BCA_N_1_20230530_070849.wav;196,1741;196,3508;Dolphin whistle SD;Carles Gallardo;2023-06-13 16:31:55;11918,4707;13759,9511
BCA_N_1_20230530_070849.wav;206,3564;206,8948;Dolphin whistle SD;Carles Gallardo;2023-06-13 16:17:44;6394,02933;10383,9036
BCA_N_1_20230530_070849.wav;248,5925;249,031;Dolphin whistle SD;Carles Gallardo;2023-06-13 16:32:21;7007,85615;11611,5573
BCA_N_1_20230530_070849.wav;272,8455;273,5606;Dolphin whistle SD;Carles Gallardo;2023-06-13 16:18:04;9974,68575;13964,5601
BCA_N_1_20230530_070849.wav;295,3639;295,9989;Dolphin whistle SD;Carles Gallardo;2023-06-13 16:43:42;6414,19344;12209,7591
BCA_N_1_20230530_071359.wav;111,5724;111,9957;Dolphin whistle SD;Carles Gallardo;2023-06-13 16:45:57;10712,0286;14228,4392
BCA_N_1_20230530_071359.wav;158,0038;158,6035;Dolphin whistle SD;Carles Gallardo;2023-06-13 16:46:11;9865,48534;13902,8457
BCA_N_1_20230530_071359.wav;166,5955;166,9584;Dolphin whistle SD;Carles Gallardo;2023-06-13 16:46:18;10712,0286;13316,7772
BCA_N_1_20230530_071359.wav;172,4393;172,8475;Dolphin whistle SD;Carles Gallardo;2023-06-13 16:46:29;5372,29399;8042,16131
BCA_N_1_20230530_081049.wav;145,8627;146,2413;Dolphin whistle;Carles Gallardo;2023-06-14 10:22:53;10125,9602;12209,7591
BCA_N_1_20230530_081049.wav;158,5544;159,034;Dolphin whistle;Carles Gallardo;2023-06-14 10:22:35;10581,7912;12144,6404
BCA_N_1_20230530_081049.wav;159,1804;159,453;Dolphin whistle;Carles Gallardo;2023-06-14 10:22:41;13967,9644;16637,8317
BCA_N_1_20230530_081600.wav;39,5178;40,4215;Dolphin whistle;Carles Gallardo;2023-06-14 10:24:28;6349,07472;8107,28003
BCA_N_1_20230530_081600.wav;40,1287;40,6487;Dolphin whistle;Carles Gallardo;2023-06-14 10:24:24;11558,5719;13251,6585
BCA_N_1_20230530_081600.wav;42,437;43,679;Dolphin whistle;Carles Gallardo;2023-06-14 10:24:39;8237,51746;16702,9504
BCA_N_1_20230530_081600.wav;44,2444;44,5069;Dolphin whistle;Carles Gallardo;2023-06-14 10:24:46;11232,9784;13251,6585
BCA_N_1_20230530_101449.wav;68,27693;72,14696;Dolphin echolocation clicks BD;Carles Gallardo;2023-06-14 12:50:11;3979,13757;94703,4742
BCA_N_1_20230530_101449.wav;76,92822;77,96303;Dolphin echolocation clicks BD;Carles Gallardo;2023-06-14 12:50:48;3448,58589;94703,4742
BCA_N_1_20230530_101449.wav;77,97406;82,61809;Dolphin echolocation clicks BD;Carles Gallardo;2023-06-14 12:51:04;3802,28701;94526,6236
BCA_N_1_20230530_101449.wav;92,57615;95,33565;Dolphin echolocation clicks BD;Carles Gallardo;2023-06-14 12:51:22;4686,5398;94703,4742
BCA_N_1_20230530_101449.wav;98,12542;102,9545;Dolphin echolocation clicks BD;Carles Gallardo;2023-06-14 12:51:37;4509,68925;94703,4742
BCA_N_1_20230530_101449.wav;102,9992;105,4138;Dolphin echolocation clicks BD;Carles Gallardo;2023-06-14 12:51:50;4509,68925;95057,1753
BCA_N_1_20230530_101449.wav;112,5339;113,4509;Dolphin echolocation clicks BD;Carles Gallardo;2023-06-14 12:52:19;3625,43645;94703,4742
BCA_N_1_20230530_101449.wav;114,9679;119,654;Dolphin echolocation clicks BD;Carles Gallardo;2023-06-14 12:52:34;3625,43645;55442,6501
BCA_N_1_20230530_101449.wav;119,7828;122,4245;Dolphin echolocation clicks BD;Carles Gallardo;2023-06-14 12:52:46;2741,18366;94172,9225
BCA_N_1_20230530_101449.wav;129,7492;133,6949;Dolphin echolocation clicks BD;Carles Gallardo;2023-06-14 12:52:58;5393,94204;95057,1753
BCA_N_1_20230530_101449.wav;140,1951;141,1626;Dolphin echolocation clicks BD;Carles Gallardo;2023-06-14 12:53:11;5393,94204;94172,9225
BCA_N_1_20230530_101449.wav;229,7576;234,6877;Dolphin echolocation clicks BD;Carles Gallardo;2023-06-14 12:53:49;12291,1138;57564,8568
BCA_N_1_20230530_101449.wav;234,9259;239,7045;Dolphin echolocation clicks BD;Carles Gallardo;2023-06-14 12:54:02;7162,44763;50667,6851
BCA_N_1_20230530_101449.wav;240,1867;241,3645;Dolphin echolocation clicks BD;Carles Gallardo;2023-06-14 12:54:14;8223,55098;49429,7311
BCA_N_1_20230530_101959.wav;246,953;249,9985;Dolphin echolocation clicks BD;Carles Gallardo;2023-06-14 12:56:17;6278,1948;94526,6236
BCA_N_1_20230530_101959.wav;250,0095;254,9817;Dolphin echolocation clicks BD;Carles Gallardo;2023-06-14 12:56:38;4155,9881;94526,6236
BCA_N_1_20230530_101959.wav;255,0264;259,9985;Dolphin echolocation clicks BD;Carles Gallardo;2023-06-14 12:56:46;4509,6892;94703,4742
BCA_N_1_20230530_101959.wav;260,0264;264,9733;Dolphin echolocation clicks BD;Carles Gallardo;2023-06-14 12:56:55;3979,1376;94880,3247
BCA_N_1_20230530_101959.wav;265,018;269,8639;Dolphin echolocation clicks BD;Carles Gallardo;2023-06-14 12:57:06;4332,8387;94703,4742
BCA_N_1_20230530_101959.wav;271,179;274,9733;Dolphin echolocation clicks BD;Carles Gallardo;2023-06-14 12:57:14;3448,5859;94880,3247
BCA_N_1_20230530_101959.wav;275,0095;279,9901;Dolphin echolocation clicks BD;Carles Gallardo;2023-06-14 12:57:23;4155,9881;94703,4742
BCA_N_1_20230530_101959.wav;280,0264;284,9901;Dolphin echolocation clicks BD;Carles Gallardo;2023-06-14 12:57:32;4332,8387;94880,3247
BCA_N_1_20230530_101959.wav;285,0264;286,6585;Dolphin echolocation clicks BD;Carles Gallardo;2023-06-14 12:57:38;3625,4365;94526,6236
BCA_N_1_20230530_101959.wav;287,4325;288,0383;Dolphin whistle BD;Carles Gallardo;2023-06-14 12:57:43;5217,0915;12291,1138
BCA_N_1_20230530_101959.wav;294,0347;298,9564;Dolphin echolocation clicks BD;Carles Gallardo;2023-06-14 12:58:29;3625,4365;94703,4742
BCA_N_1_20230530_101959.wav;298,9777;300,2901;Dolphin echolocation clicks BD;Carles Gallardo;2023-06-14 12:58:39;3802,287;94703,4742
BCA_N_1_20230530_102508.wav;35,2595;40,2484;Dolphin echolocation clicks BD;Carles Gallardo;2023-06-14 13:20:56;6985,5971;94526,6236
BCA_N_1_20230530_102508.wav;40,2595;45,2148;Dolphin echolocation clicks BD;Carles Gallardo;2023-06-14 13:21:05;5570,7926;55088,949
BCA_N_1_20230530_102508.wav;45,2679;50,24;Dolphin echolocation clicks BD;Carles Gallardo;2023-06-14 13:21:13;6808,7465;94172,9225
BCA_N_1_20230530_102508.wav;56,3015;61,2147;Dolphin echolocation clicks BD;Carles Gallardo;2023-06-14 13:21:50;4863,3904;82323,9351
BCA_N_1_20230530_065319.wav;5,489904;6,770855;Dolphin echolocation clicks SD;Carles Gallardo;2023-06-13 15:00:17;27775,6634;51817,2137
BCA_N_1_20230530_065319.wav;18,32452;20,12729;Dolphin echolocation clicks SD;Carles Gallardo;2023-06-12 13:42:19;23282,4721;46812,5
BCA_N_1_20230530_065319.wav;28,39636;28,56771;Dolphin whistle SD;Carles Gallardo;2023-06-12 13:07:26;14943,1739;16723,9001
BCA_N_1_20230530_065319.wav;28,47559;28,90901;Dolphin whistle SD;Carles Gallardo;2023-06-12 13:07:48;5683,39735;6974,42388
BCA_N_1_20230530_065319.wav;28,62483;28,77266;Dolphin whistle SD;Carles Gallardo;2023-06-12 13:07:40;9868,10405;11826,9029
BCA_N_1_20230530_065319.wav;32,89496;33,54004;Dolphin whistle SD;Carles Gallardo;2023-06-12 13:08:23;7305,25489;15436,3652
BCA_N_1_20230530_065319.wav;46,60226;47,65567;Dolphin echolocation clicks SD;Carles Gallardo;2023-06-13 15:00:56;27161,8366;52226,4316
BCA_N_1_20230530_065319.wav;65,16854;65,48491;Dolphin whistle SD;Carles Gallardo;2023-06-12 13:42:48;8039,10615;11415,1536
BCA_N_1_20230530_065319.wav;91,17202;91,55839;Dolphin echolocation clicks SD;Carles Gallardo;2023-06-12 13:09:39;17745,199;47458,8862
BCA_N_1_20230530_065319.wav;94,64117;95,39712;Dolphin whistle SD;Carles Gallardo;2023-06-12 13:09:52;6401,79818;12625,611
BCA_N_1_20230530_065319.wav;96,00241;96,48958;Dolphin echolocation clicks SD;Carles Gallardo;2023-06-12 13:10:13;8208,71159;11421,0021
BCA_N_1_20230530_065319.wav;97,28473;99,47919;Dolphin echolocation clicks SD;Carles Gallardo;2023-06-12 13:43:17;27783,8687;46403,2821
BCA_N_1_20230530_065319.wav;99,0696;99,50302;Dolphin whistle SD;Carles Gallardo;2023-06-12 13:10:26;5297,57332;8108,32751
BCA_N_1_20230530_065319.wav;100,2613;100,4225;Dolphin whistle SD;Carles Gallardo;2023-06-12 13:10:40;5899,87779;11621,7703
BCA_N_1_20230530_065319.wav;100,4998;100,7854;Dolphin whistle SD;Carles Gallardo;2023-06-12 13:10:44;12424,8429;16440,206
BCA_N_1_20230530_065319.wav;114,3639;114,7984;Dolphin whistle SD;Carles Gallardo;2023-06-12 13:11:36;5492,31844;7290,85196
BCA_N_1_20230530_065319.wav;115,764;118,791;Dolphin echolocation clicks SD;Carles Gallardo;2023-06-12 14:20:20;10596,7179;54383,0307
BCA_N_1_20230530_065319.wav;130,5573;134,6867;Dolphin echolocation clicks SD;Carles Gallardo;2023-06-13 15:01:16;27468,75;50998,7779
BCA_N_1_20230530_065319.wav;147,5347;151,386;Dolphin echolocation clicks SD;Carles Gallardo;2023-06-13 15:02:02;4143,33101;16317,5628
BCA_N_1_20230530_065319.wav;154,4617;155,1997;Dolphin echolocation clicks SD;Carles Gallardo;2023-06-12 14:21:57;28007,8125;51518,1128
BCA_N_1_20230530_065319.wav;156,2462;156,6488;Dolphin echolocation clicks SD;Carles Gallardo;2023-06-12 14:22:09;22984,2441;53125,6547
BCA_N_1_20230530_065319.wav;157,2901;159,7388;Dolphin echolocation clicks SD;Carles Gallardo;2023-06-12 14:22:26;21477,1735;50915,2846
BCA_N_1_20230530_065319.wav;161,7923;165,4941;Dolphin echolocation clicks SD;Carles Gallardo;2023-06-12 14:23:00;7009,29644;28309,2266
BCA_N_1_20230530_065319.wav;165,8774;170,6725;Dolphin echolocation clicks SD;Carles Gallardo;2023-06-13 15:02:56;4143,33101;16931,3897
BCA_N_1_20230530_065319.wav;170,81;171,9055;Dolphin echolocation clicks SD;Carles Gallardo;2023-06-13 15:03:03;3631,80866;16215,2584
BCA_N_1_20230530_065319.wav;172,4385;173,5269;Dolphin echolocation clicks SD;Carles Gallardo;2023-06-12 14:23:35;26299,7992;41069,0904
BCA_N_1_20230530_065319.wav;173,423;178,325;Dolphin echolocation clicks SD;Carles Gallardo;2023-06-12 14:24:17;6205,52549;29615,3544
BCA_N_1_20230530_065319.wav;179,9617;183,2577;Dolphin echolocation clicks SD;Carles Gallardo;2023-06-12 14:25:04;4296,56948;15750,3055
BCA_N_1_20230530_065319.wav;184,8166;185,8325;Dolphin whistle SD;Carles Gallardo;2023-06-12 13:12:44;7761,87151;17873,6034
BCA_N_1_20230530_065319.wav;186,5323;191,3754;Dolphin echolocation clicks SD;Carles Gallardo;2023-06-12 14:25:30;4095,62675;19367,2748
BCA_N_1_20230530_065319.wav;195,1142;196,3333;Dolphin echolocation clicks SD;Carles Gallardo;2023-06-12 14:25:42;5904,11138;16152,191
BCA_N_1_20230530_065319.wav;196,3648;198,6089;Dolphin echolocation clicks SD;Carles Gallardo;2023-06-12 14:27:50;25094,1428;54230,8397
BCA_N_1_20230530_065319.wav;198,9683;203,5156;Dolphin echolocation clicks SD;Carles Gallardo;2023-06-12 14:28:44;3794,21264;17357,8474
BCA_N_1_20230530_065319.wav;199,9292;200,8961;Dolphin echolocation clicks SD;Carles Gallardo;2023-06-12 14:26:20;26400,2706;52522,8265
BCA_N_1_20230530_065319.wav;201,3535;202,705;Dolphin echolocation clicks SD;Carles Gallardo;2023-06-12 14:26:52;25596,4997;51317,17
BCA_N_1_20230530_065319.wav;205,1207;205,7022;Dolphin whistle SD;Carles Gallardo;2023-06-12 13:13:12;6181,91341;9973,81285
BCA_N_1_20230530_065319.wav;206,0307;206,9163;Dolphin whistle SD;Carles Gallardo;2023-06-12 13:13:27;6181,91341;13260,1257
BCA_N_1_20230530_065319.wav;212,3258;212,5798;Dolphin whistle SD;Carles Gallardo;2023-06-12 13:13:51;12312,1508;16799,2318
BCA_N_1_20230530_065319.wav;212,5752;214,225;Dolphin whistle SD;Carles Gallardo;2023-06-12 13:14:09;6877,09497;14966,4804
BCA_N_1_20230530_065319.wav;215,0178;219,9646;Dolphin echolocation clicks SD;Carles Gallardo;2023-06-13 15:03:34;3529,50419;54374,8254
BCA_N_1_20230530_065319.wav;217,8059;218,466;Dolphin whistle SD;Carles Gallardo;2023-06-12 13:14:29;6308,31006;11616,9693
BCA_N_1_20230530_065319.wav;220,0093;224,9815;Dolphin echolocation clicks SD;Carles Gallardo;2023-06-13 15:03:48;2506,4595;49157,2975
BCA_N_1_20230530_065319.wav;225,0262;229,9477;Dolphin echolocation clicks SD;Carles Gallardo;2023-06-13 15:03:57;3427,19972;49668,8198
BCA_N_1_20230530_065319.wav;226,9081;227,4985;Dolphin whistle SD;Carles Gallardo;2023-06-12 13:14:44;6561,10335;11364,176
BCA_N_1_20230530_065319.wav;227,7296;227,9041;Dolphin whistle SD;Carles Gallardo;2023-06-12 13:14:49;12185,7542;14271,2989
BCA_N_1_20230530_065319.wav;227,9852;228,5536;Dolphin whistle SD;Carles Gallardo;2023-06-12 13:15:47;9680,42947;11085,1082
BCA_N_1_20230530_065319.wav;229,1861;229,9872;Dolphin whistle SD;Carles Gallardo;2023-06-12 13:16:08;6767,02165;11787,4476
BCA_N_1_20230530_065319.wav;229,302;230,0124;Dolphin whistle SD;Carles Gallardo;2023-06-12 13:16:19;6246,77025;9706,44204
BCA_N_1_20230530_065319.wav;230,0262;234,9646;Dolphin echolocation clicks SD;Carles Gallardo;2023-06-13 15:04:12;4143,33101;49975,7332
BCA_N_1_20230530_065319.wav;230,2213;230,3907;Dolphin whistle SD;Carles Gallardo;2023-06-12 13:16:28;9238,21578;10200,6809
BCA_N_1_20230530_065319.wav;230,2777;230,5191;Dolphin whistle SD;Carles Gallardo;2023-06-12 13:16:34;7625,43645;9212,20321
BCA_N_1_20230530_065319.wav;235,0093;239,9899;Dolphin echolocation clicks SD;Carles Gallardo;2023-06-13 15:04:32;3734,11313;54681,7388
BCA_N_1_20230530_065319.wav;236,8549;237,4027;Dolphin whistle SD;Carles Gallardo;2023-06-13 15:04:24;10895,426;17647,5209
BCA_N_1_20230530_065319.wav;240,0178;245,0067;Dolphin echolocation clicks SD;Carles Gallardo;2023-06-13 15:05:07;3734,11313;54784,0433
BCA_N_1_20230530_065319.wav;244,215;244,8208;Dolphin whistle SD;Carles Gallardo;2023-06-12 13:16:57;7079,17249;10798,97
BCA_N_1_20230530_065319.wav;245,0009;249,973;Dolphin echolocation clicks SD;Carles Gallardo;2023-06-13 15:05:20;3836,4176;52942,5628
BCA_N_1_20230530_065319.wav;250,0093;254,9899;Dolphin echolocation clicks SD;Carles Gallardo;2023-06-13 15:05:28;3529,50419;53044,8673
BCA_N_1_20230530_065319.wav;255,0178;259,9815;Dolphin echolocation clicks SD;Carles Gallardo;2023-06-13 15:05:38;3427,19972;52124,1271
BCA_N_1_20230530_065319.wav;260,0178;264,9983;Dolphin echolocation clicks SD;Carles Gallardo;2023-06-13 15:05:45;3427,19972;53658,6941
BCA_N_1_20230530_065319.wav;265,0346;269,9815;Dolphin echolocation clicks SD;Carles Gallardo;2023-06-13 15:05:52;2915,67737;48134,2528
BCA_N_1_20230530_065319.wav;270,0262;274,973;Dolphin echolocation clicks SD;Carles Gallardo;2023-06-13 15:06:00;4041,02654;52942,5628
BCA_N_1_20230530_065319.wav;270,4325;271,7101;Dolphin whistle SD;Carles Gallardo;2023-06-12 13:18:02;8547,26781;17691,3844
BCA_N_1_20230530_065319.wav;275,0262;279,973;Dolphin echolocation clicks SD;Carles Gallardo;2023-06-13 15:06:07;4143,33101;49464,2109
BCA_N_1_20230530_065319.wav;280,0262;284,9815;Dolphin echolocation clicks SD;Carles Gallardo;2023-06-13 15:06:15;4041,02654;54170,2165
BCA_N_1_20230530_065319.wav;285,0009;289,5264;Dolphin echolocation clicks SD;Carles Gallardo;2023-06-13 15:06:21;3427,19972;46497,3813
BCA_N_1_20230530_065319.wav;289,9125;290,2188;Dolphin whistle SD;Carles Gallardo;2023-06-12 13:34:01;12472,5471;13230,8397
BCA_N_1_20230530_065319.wav;290,0262;294,973;Dolphin echolocation clicks SD;Carles Gallardo;2023-06-13 15:06:38;3569,04679;64182,3499
BCA_N_1_20230530_065319.wav;295,0009;299,9815;Dolphin echolocation clicks SD;Carles Gallardo;2023-06-13 15:06:46;2722,15433;50148,132
BCA_N_1_20230530_065319.wav;297,7262;298,8209;Dolphin whistle SD;Carles Gallardo;2023-06-12 13:18:50;7209,1044;15817,9557
BCA_N_1_20230530_065319.wav;299,9934;301,1395;Dolphin echolocation clicks SD;Carles Gallardo;2023-06-13 15:06:54;2601,16969;50148,132
BCA_N_1_20230530_135148.wav;0;300,4;Anthropogenic noise;Carles Gallardo;2023-07-03 11:26:49;15029,6788;25394,2039
BCA_N_1_20230530_162137.wav;155,7692;158,0664;Dolphin echolocation clicks BD;Carles Gallardo;2023-07-03 13:28:01;4126,1348;92374,5635
BCA_N_1_20230530_162137.wav;158,118;161,0664;Dolphin echolocation clicks BD;Carles Gallardo;2023-07-03 13:28:15;4126,1348;95557,8736
BCA_N_1_20230530_162137.wav;161,1937;164,0613;Dolphin echolocation clicks BD;Carles Gallardo;2023-07-03 13:28:21;5010,3876;94673,6208
BCA_N_1_20230530_162137.wav;164,1028;167,0462;Dolphin echolocation clicks BD;Carles Gallardo;2023-07-03 13:28:26;5187,2381;90429,2074
BCA_N_1_20230530_162137.wav;167,1331;170,0462;Dolphin echolocation clicks BD;Carles Gallardo;2023-07-03 13:28:34;3949,2842;96442,1264
BCA_N_1_20230530_162137.wav;170,1079;173,0765;Dolphin echolocation clicks BD;Carles Gallardo;2023-07-03 13:28:42;4126,1348;93789,368
BCA_N_1_20230530_162137.wav;173,1281;176,0714;Dolphin echolocation clicks BD;Carles Gallardo;2023-07-03 13:28:48;3595,5831;96618,977
BCA_N_1_20230530_162137.wav;176,0978;178,9906;Dolphin echolocation clicks BD;Carles Gallardo;2023-07-03 13:28:53;3065,0314;92728,2647
BCA_N_1_20230530_162137.wav;179,123;182,0815;Dolphin echolocation clicks BD;Carles Gallardo;2023-07-03 13:28:58;3595,5831;94673,6208
BCA_N_1_20230530_162137.wav;182,1331;183,3498;Dolphin echolocation clicks BD;Carles Gallardo;2023-07-03 13:29:04;2711,3303;71683,0482
BCA_N_1_20230530_162445.wav;0;114,7;Dolphin echolocation clicks BD;Carles Gallardo;2023-07-03 13:29:55;6955,7437;90429,2074
BCA_N_1_20230531_063641.wav;0;57,4;Pilot whale echolocalization clicks;Carles Gallardo;2023-07-03 13:40:57;2390,014;34368,3659
BCA_N_1_20230531_063641.wav;21,6405;22,8125;Pilot whale whistle;Carles Gallardo;2023-07-03 13:34:27;1589,7783;5391,1051
BCA_N_1_20230531_063641.wav;23,6546;24,6053;Pilot whale whistle;Carles Gallardo;2023-07-03 13:34:57;1439,7259;5907,95216
BCA_N_1_20230531_063641.wav;24,6053;25,058;Pilot whale whistle;Carles Gallardo;2023-07-03 13:35:11;1406,3809;3123,647
BCA_N_1_20230531_063641.wav;26,141;27,3834;Pilot whale whistle;Carles Gallardo;2023-07-03 13:35:34;1756,5031;5124,34532
BCA_N_1_20230531_063641.wav;28,7413;30,1095;Pilot whale whistle;Carles Gallardo;2023-07-03 13:36:51;2923,5772;6258,07437
BCA_N_1_20230531_063641.wav;29,6568;29,9334;Pilot whale burst;Carles Gallardo;2023-07-03 13:37:13;593,92458;49924,2318
BCA_N_1_20230531_063641.wav;33,3606;34,3968;Pilot whale whistle;Carles Gallardo;2023-07-03 13:37:42;2089,9529;8108,72032
BCA_N_1_20230531_063641.wav;44,9307;45,4287;Pilot whale whistle;Carles Gallardo;2023-07-03 13:38:14;4657,5157;6758,24895
BCA_N_1_20230531_063641.wav;52,3686;54,2366;Pilot whale whistle;Carles Gallardo;2023-07-03 13:39:28;1984,8987;9829,69623
BCA_N_1_20230531_063641.wav;56,2708;56,8615;Pilot whale whistle;Carles Gallardo;2023-07-03 13:40:16;4588,7744;6462,90154
BCA_N_1_20230531_063750.wav;0;11,2;Pilot whale echolocalization clicks;Carles Gallardo;2023-07-03 13:44:37;2136,6096;42993,977
BCA_N_1_20230531_063750.wav;6,4599;6,93955;Pilot whale whistle;Carles Gallardo;2023-07-03 13:43:45;2188,8094;7521,38617
BCA_N_1_20230531_063750.wav;6,9799;7,13645;Pilot whale Burst;Carles Gallardo;2023-07-03 13:43:16;5187,2381;63547,9225
BCA_N_1_20230531_063750.wav;9,1621;9,36905;Pilot whale Burst;Carles Gallardo;2023-07-03 13:43:08;5187,2381;84946,8401
BCA_N_1_20230531_063750.wav;9,8487;10,1264;Pilot whale Burst;Carles Gallardo;2023-07-03 13:42:44;4302,9853;80525,5761
BCA_N_1_20230531_063805.wav;0;10,3;Pilot whale echolocalization clicks;Carles Gallardo;2023-07-03 13:46:43;2382,2451;44467,7898
BCA_N_1_20230531_063819.wav;0;13,2;Pilot whale echolocalization clicks;Carles Gallardo;2023-07-03 13:48:26;1784,1306;49265,7996
BCA_N_1_20230531_063819.wav;6,1714;7,40834;Pilot whale whistle;Carles Gallardo;2023-07-03 13:48:01;2700,6809;8399,00489
BCA_N_1_20230531_063819.wav;7,7638;8,68262;Pilot whale whistle;Carles Gallardo;2023-07-03 13:47:51;1988,3904;12939,8568
BCA_N_1_20230531_063835.wav;0;11,3;Pilot whale echolocalization clicks;Carles Gallardo;2023-07-03 13:50:01;2888,3554;44246,5957
BCA_N_1_20230531_063835.wav;0,0078577;0,9873;Pilot whale whistle;Carles Gallardo;2023-07-03 13:49:09;4036,2256;13919,2563
BCA_N_1_20230531_063835.wav;2,085;2,78173;Pilot whale whistle;Carles Gallardo;2023-07-03 13:48:58;3412,9714;8042,85964
BCA_N_1_20230531_063835.wav;5,3935;6,17604;Pilot whale whistle;Carles Gallardo;2023-07-03 13:49:26;3724,5985;14943,1739
BCA_N_1_20230531_063835.wav;6,2669;6,44867;Pilot whale whistle;Carles Gallardo;2023-07-03 13:49:29;5683,3973;12094,0119
BCA_N_1_20230531_063835.wav;6,5345;7,05956;Pilot whale whistle;Carles Gallardo;2023-07-03 13:49:40;2552,9853;3905,63897
BCA_N_1_20230531_063835.wav;7,1959;7,52404;Pilot whale whistle;Carles Gallardo;2023-07-03 13:49:42;2995,199;4165,76466
BCA_N_1_20230531_063850.wav;0;13,3;Pilot whale echolocalization clicks;Carles Gallardo;2023-07-03 13:51:10;1683,7465;35814,3331
BCA_N_1_20230531_063850.wav;0,033101;1,06303;Pilot whale whistle;Carles Gallardo;2023-07-03 13:50:25;2389,0538;14275,4015
BCA_N_1_20230531_063850.wav;2,7607;3,07879;Pilot whale whistle;Carles Gallardo;2023-07-03 13:51:06;2085,2828;35212,0286
BCA_N_1_20230531_063850.wav;4,058;5,74424;Pilot whale whistle;Carles Gallardo;2023-07-03 13:50:42;3991,7074;21086,6795
BCA_N_1_20230531_063850.wav;4,0832;5,305;Pilot whale whistle;Carles Gallardo;2023-07-03 13:50:47;3947,1892;6751,8331
BCA_N_1_20230531_063908.wav;6,1038;6,84089;Pilot whale whistle;Carles Gallardo;2023-07-03 13:51:28;3289,8918;15235,5971
BCA_N_1_20230531_063908.wav;8,0331;10,9815;Pilot whale echolocalization clicks;Carles Gallardo;2023-07-03 13:51:41;3289,8918;39026,6236
BCA_N_1_20230531_073449.wav;0;228,8;Pilot whale echolocalization clicks;Carles Gallardo;2023-07-03 16:29:43;1604,39944;71037,3603
BCA_N_1_20230531_073449.wav;0,04817466;2,981545;Pilot whale echolocalization clicks;Carles Gallardo;2023-07-03 15:49:08;2386,43506;49667,3359
BCA_N_1_20230531_073449.wav;0,23466;0,48667;Pilot whale whistle;Carles Gallardo;2023-07-03 13:54:00;3279,4169;8532,55936
BCA_N_1_20230531_073449.wav;1,6812;2,0138;Pilot whale whistle;Carles Gallardo;2023-07-03 13:54:10;4169,78;6573,76047
BCA_N_1_20230531_073449.wav;2,029;2,533;Pilot whale whistle;Carles Gallardo;2023-07-03 13:54:12;4525,9253;8220,93226
BCA_N_1_20230531_073449.wav;3,1137;3,4715;Pilot whale whistle;Carles Gallardo;2023-07-03 13:55:21;2923,2716;6707,31494
BCA_N_1_20230531_073449.wav;3,6141;4,882;Pilot whale whistle;Carles Gallardo;2023-07-03 13:55:41;3591,044;10580,3946
BCA_N_1_20230531_073449.wav;27,02166;27,78976;Pilot whale whistle;Carles Gallardo;2023-07-03 13:56:31;5238,21578;14008,2926
BCA_N_1_20230531_073449.wav;27,8966;28,89119;Pilot whale Burst;Carles Gallardo;2023-07-03 15:40:32;8359,375;44304,0328
BCA_N_1_20230531_073449.wav;28,26528;29,37885;Pilot whale whistle;Carles Gallardo;2023-07-03 13:56:17;4347,85265;13385,0384
BCA_N_1_20230531_073449.wav;31,3732;32,2654;Pilot whale whistle;Carles Gallardo;2023-07-03 13:57:11;3457,48953;13830,22
BCA_N_1_20230531_073449.wav;53,53756;54,53373;Pilot whale whistle;Carles Gallardo;2023-07-03 13:57:25;4748,51606;7107,97835
BCA_N_1_20230531_073449.wav;66,43123;66,49675;Pilot whale unknown;Carles Gallardo;2023-07-03 15:47:49;2085,28282;50269,6404
BCA_N_1_20230531_073449.wav;66,71852;66,92012;Pilot whale Burst;Carles Gallardo;2023-07-03 15:48:31;2787,97137;15034,8289
BCA_N_1_20230531_073449.wav;68,57329;68,67914;Pilot whale unknown;Carles Gallardo;2023-07-03 15:48:07;1583,36243;52377,706
BCA_N_1_20230531_073449.wav;70,10055;70,59696;Pilot whale whistle;Carles Gallardo;2023-07-03 13:57:46;3991,7074;14364,4378
BCA_N_1_20230531_073449.wav;70,94099;71,17323;Pilot whale whistle;Carles Gallardo;2023-07-03 14:02:32;2077,42668;8131,89595
BCA_N_1_20230531_073449.wav;71,06216;71,16313;Pilot whale unknown;Carles Gallardo;2023-07-03 14:02:15;2687,58729;54786,9239
BCA_N_1_20230531_073449.wav;71,33479;71,8447;Pilot whale whistle;Carles Gallardo;2023-07-03 14:02:38;2834,23534;12227,5663
BCA_N_1_20230531_073449.wav;71,97597;72,06179;Pilot whale burst;Carles Gallardo;2023-07-03 14:02:41;3858,15293;16100,6459
BCA_N_1_20230531_073449.wav;73,36174;75,62981;Pilot whale burst;Carles Gallardo;2023-07-03 14:04:09;2386,43506;50470,4085
BCA_N_1_20230531_073449.wav;76,82487;77,668;Pilot whale burst;Carles Gallardo;2023-07-03 14:01:38;2344,53561;24158,4323
BCA_N_1_20230531_073449.wav;77,61246;77,78412;Pilot whale whistle;Carles Gallardo;2023-07-03 14:01:44;4882,07053;7775,7507
BCA_N_1_20230531_073449.wav;77,8649;78,10723;Pilot whale whistle;Carles Gallardo;2023-07-03 14:01:51;4436,88897;7063,4602
BCA_N_1_20230531_073449.wav;87,08325;88,58018;Pilot whale whistle;Carles Gallardo;2023-07-03 14:10:42;2683,04818;8197,71299
BCA_N_1_20230531_073449.wav;88,76489;89,0673;Pilot whale whistle;Carles Gallardo;2023-07-03 14:11:23;3697,53841;8171,70042
BCA_N_1_20230531_073449.wav;89,37475;89,71244;Pilot whale whistle;Carles Gallardo;2023-07-03 14:11:13;4451,90293;9160,17807
BCA_N_1_20230531_073449.wav;100,8355;101,0068;Pilot whale burst;Carles Gallardo;2023-07-03 14:11:48;2888,35545;52377,706
BCA_N_1_20230531_073449.wav;102,4516;103,384;Pilot whale Burst;Carles Gallardo;2023-07-03 14:12:17;4695,26885;54485,7716
BCA_N_1_20230531_073449.wav;103,6565;105,2826;Pilot whale whistle;Carles Gallardo;2023-07-03 14:14:03;3980,97067;10995,6355
BCA_N_1_20230531_073449.wav;108,3244;108,4979;Pilot whale echolocalization clicks;Carles Gallardo;2023-07-03 14:15:26;1984,89874;54385,3876
BCA_N_1_20230531_073449.wav;116,2018;117,1392;Pilot whale burst;Carles Gallardo;2023-07-03 14:17:55;3947,18925;7375,08729
BCA_N_1_20230531_073449.wav;118,2485;118,4854;Pilot whale burst;Carles Gallardo;2023-07-03 14:16:06;3892,19623;53080,3946
BCA_N_1_20230531_073449.wav;124,3628;125,2312;Pilot whale whistle;Carles Gallardo;2023-07-03 14:23:26;3858,15293;9022,25908
BCA_N_1_20230531_073449.wav;126,0742;127,1175;Pilot whale burst;Carles Gallardo;2023-07-03 14:16:45;4293,73254;51373,8652
BCA_N_1_20230531_073449.wav;127,0772;127,5358;Pilot whale whistle;Carles Gallardo;2023-07-03 14:17:16;4193,34846;12324,4588
BCA_N_1_20230531_073449.wav;127,5761;127,9945;Pilot whale whistle;Carles Gallardo;2023-07-03 14:17:22;5397,9574;11220,2339
BCA_N_1_20230531_073449.wav;128,2112;128,564;Pilot whale whistle;Carles Gallardo;2023-07-03 14:17:26;6602,56634;17042,5105
BCA_N_1_20230531_073449.wav;128,6654;129,1342;Pilot whale burst;Carles Gallardo;2023-07-03 14:17:33;3189,50768;52678,8582
BCA_N_1_20230531_073449.wav;132,8605;133,6266;Pilot whale whistle;Carles Gallardo;2023-07-03 14:18:30;5772,43366;10802,9853
BCA_N_1_20230531_073449.wav;134,4571;134,6742;Pilot whale Burst;Carles Gallardo;2023-07-03 15:40:01;3119,15154;26372,6432
BCA_N_1_20230531_073449.wav;136,6518;136,9844;Pilot whale whistle;Carles Gallardo;2023-07-03 14:18:36;3190,38059;4347,85265
BCA_N_1_20230531_073449.wav;142,654;142,9216;Pilot whale Burst;Carles Gallardo;2023-07-03 15:39:46;3364,78701;44058,3973
BCA_N_1_20230531_073449.wav;144,0358;144,5911;Pilot whale Burst;Carles Gallardo;2023-07-03 15:45:32;7104,48673;54485,7716
BCA_N_1_20230531_073449.wav;144,795;145,1377;Pilot whale whistle;Carles Gallardo;2023-07-03 14:18:43;4392,37081;8176,41411
BCA_N_1_20230531_073449.wav;146,7407;148,171;Pilot whale whistle;Carles Gallardo;2023-07-03 14:18:10;2255,4993;8532,55936
BCA_N_1_20230531_073449.wav;148,1915;148,858;Pilot whale whistle;Carles Gallardo;2023-07-03 14:18:17;3412,97137;5950,50628
BCA_N_1_20230531_073449.wav;153,9569;154,3053;Pilot whale unknown;Carles Gallardo;2023-07-03 14:25:14;2700,68087;8577,07751
BCA_N_1_20230531_073449.wav;154,9667;155,1888;Pilot whale unknown;Carles Gallardo;2023-07-03 14:25:38;2700,68087;9066,77723
BCA_N_1_20230531_073449.wav;155,6796;156,7532;Pilot whale whistle;Carles Gallardo;2023-07-03 14:19:00;3012,30796;7107,97835
BCA_N_1_20230531_073449.wav;161,0528;162,0306;Pilot whale whistle;Carles Gallardo;2023-07-03 14:19:11;2834,23534;5772,43366
BCA_N_1_20230531_073449.wav;161,4164;162,8451;Pilot whale burst;Carles Gallardo;2023-07-03 14:26:07;12525,227;54184,6194
BCA_N_1_20230531_073449.wav;165,4078;166,2797;Pilot whale whistle;Carles Gallardo;2023-07-03 14:19:26;2878,75349;10313,2856
BCA_N_1_20230531_073449.wav;165,7705;165,8815;Pilot whale Burst;Carles Gallardo;2023-07-03 15:39:23;5739,26327;44959,0608
BCA_N_1_20230531_073449.wav;169,0356;170,0688;Pilot whale whistle;Carles Gallardo;2023-07-03 14:19:34;3902,67109;11070,0943
BCA_N_1_20230531_073449.wav;179,8442;179,9482;Pilot whale whistle;Carles Gallardo;2023-07-03 14:19:50;4214,29818;5505,32472
BCA_N_1_20230531_073449.wav;180,2198;180,3741;Pilot whale whistle;Carles Gallardo;2023-07-03 14:19:55;3947,18925;7375,08729
BCA_N_1_20230531_073449.wav;181,6801;182,7908;Pilot whale burst;Carles Gallardo;2023-07-03 14:26:43;4349,16201;22234,2877
BCA_N_1_20230531_073449.wav;182,4563;183,618;Pilot whale whistle;Carles Gallardo;2023-07-03 14:20:23;6084,06075;15566,4281
BCA_N_1_20230531_073449.wav;203,2819;203,8353;Pilot whale whistle;Carles Gallardo;2023-07-03 14:20:43;5104,66131;10046,1767
BCA_N_1_20230531_073449.wav;204,2926;204,632;Pilot whale whistle;Carles Gallardo;2023-07-03 14:20:47;3457,48953;5460,80656
BCA_N_1_20230531_073449.wav;206,1751;206,9646;Pilot whale whistle;Carles Gallardo;2023-07-03 14:20:52;3724,59846;6707,31494
BCA_N_1_20230531_073449.wav;215,6405;216,2918;Pilot whale whistle;Carles Gallardo;2023-07-03 15:38:28;8267,4581;13576,1173
BCA_N_1_20230531_073449.wav;216,3918;217,2753;Pilot whale Burst;Carles Gallardo;2023-07-03 15:38:54;1442,03911;18884,7765
BCA_N_1_20230531_073449.wav;217,323;218,2067;Pilot whale whistle;Carles Gallardo;2023-07-03 14:21:07;9556,47696;12895,3387
BCA_N_1_20230531_073449.wav;220,8681;221,277;Pilot whale whistle;Carles Gallardo;2023-07-03 15:38:42;5613,12849;10921,7877
BCA_N_1_20230531_073449.wav;223,2726;223,3835;Pilot whale whistle;Carles Gallardo;2023-07-03 14:21:20;5683,39735;13652,1473
BCA_N_1_20230531_073951.wav;4,83303;5,69189;Pilot whale whistle;Carles Gallardo;2023-07-03 16:27:40;4659,47975;10580,3946
BCA_N_1_20230531_073951.wav;6,88483;7,07866;Pilot whale whistle;Carles Gallardo;2023-07-03 16:27:47;4971,10684;7152,49651
BCA_N_1_20230531_073951.wav;12,0486;12,2575;Pilot whale burst;Carles Gallardo;2023-07-03 16:26:41;3446,6655;29811,5398
BCA_N_1_20230531_073951.wav;13,1368;13,4191;Pilot whale whistle;Carles Gallardo;2023-07-03 15:59:06;3203,29958;8613,91411
BCA_N_1_20230531_073951.wav;14,1785;14,4278;Pilot whale unknown;Carles Gallardo;2023-07-03 16:26:23;2791,63757;27437,0635
BCA_N_1_20230531_073951.wav;14,5225;14,5977;Pilot whale whistle;Carles Gallardo;2023-07-03 16:27:08;4451,90293;8405,81355
BCA_N_1_20230531_073951.wav;15,532;16,4947;Pilot whale whistle;Carles Gallardo;2023-07-03 16:24:40;4529,94064;11709,4099
BCA_N_1_20230531_073951.wav;16,2635;16,3821;Pilot whale whistle;Carles Gallardo;2023-07-03 16:28:48;12185,7542;13512,919
BCA_N_1_20230531_073951.wav;16,4819;17,1412;Pilot whale burst;Carles Gallardo;2023-07-03 16:25:15;2995,19902;9914,5426
BCA_N_1_20230531_073951.wav;17,6188;18,1368;Pilot whale whistle;Carles Gallardo;2023-07-03 16:25:07;2995,19902;9810,49232
BCA_N_1_20230531_073951.wav;19,1399;19,5031;Pilot whale whistle;Carles Gallardo;2023-07-03 16:25:31;4816,07891;6636,9588
BCA_N_1_20230531_073951.wav;24,7224;25,2143;Pilot whale whistle;Carles Gallardo;2023-07-03 16:25:50;6142,71997;9368,27863
BCA_N_1_20230531_073951.wav;27,7992;28,2507;Pilot whale whistle;Carles Gallardo;2023-07-03 16:25:45;4347,85265;8223,72556
BCA_N_1_20230531_073951.wav;29,1422;29,468;Pilot whale whistle;Carles Gallardo;2023-07-03 16:28:05;5727,9155;15254,801
BCA_N_1_20230531_073951.wav;30,7332;31,2386;Pilot whale whistle;Carles Gallardo;2023-07-03 16:25:58;5258,2926;13946,4909
BCA_N_1_20230531_074028.wav;0,40886;0,88508;Pilot whale whistle;Carles Gallardo;2023-07-03 16:31:24;3969,9721;8457,05307
BCA_N_1_20230531_074028.wav;3,347;3,718;Pilot whale whistle;Carles Gallardo;2023-07-03 16:31:34;8457,0531;12122,5559
BCA_N_1_20230531_074028.wav;3,7853;4,1747;Pilot whale whistle;Carles Gallardo;2023-07-03 16:31:40;9089,0363;12438,5475
BCA_N_1_20230531_074028.wav;5,4055;5,733;Pilot whale burst;Carles Gallardo;2023-07-03 16:33:19;3590,7821;14713,6872
BCA_N_1_20230531_074028.wav;6,4176;6,6983;Pilot whale whistle;Carles Gallardo;2023-07-03 16:32:20;7509,0782;12880,9358
BCA_N_1_20230531_074028.wav;8,3035;8,5542;Pilot whale burst;Carles Gallardo;2023-07-03 16:32:38;2706,0056;32472,4162
BCA_N_1_20230531_074028.wav;9,0773;9,4599;Pilot whale burst;Carles Gallardo;2023-07-03 16:32:46;2832,4022;23371,8575
BCA_N_1_20230531_074055.wav;3,83148;4,23585;Pilot whale burst;Carles Gallardo;2023-07-03 16:34:11;3843,5754;26342,1788
BCA_N_1_20230531_074055.wav;12,2248;13,0686;Pilot whale echolocalization clicks;Carles Gallardo;2023-07-03 16:33:52;5739,5251;23751,0475
BCA_N_1_20230531_074112.wav;10,4134;10,5069;unknown whistle;Carles Gallardo;2023-07-03 16:35:19;6201,03003;7907,55936
BCA_N_1_20230531_074112.wav;10,6222;10,7542;unknown whistle;Carles Gallardo;2023-07-03 16:35:35;12525,227;16139,0538
BCA_N_1_20230531_074112.wav;10,8612;10,943;unknown whistle;Carles Gallardo;2023-07-03 16:35:55;13127,5314;14934,4448
BCA_N_1_20230531_081050.wav;77,3701;77,6733;Dolphin whistle;Carles Gallardo;2023-07-05 09:47:00;9995,7228;10972,5035
BCA_N_1_20230531_081050.wav;79,6477;79,9577;Dolphin whistle;Carles Gallardo;2023-07-05 09:46:51;9995,7228;11037,6222
BCA_N_1_20230531_083045.wav;1,423;1,7266;Dolphin burst BD;Carles Gallardo;2023-07-05 09:53:08;2711,0684;45269,7277
BCA_N_1_20230531_083045.wav;4,466;4,69319;Dolphin burst BD;Carles Gallardo;2023-07-05 11:13:27;2304,4693;34734,6369
BCA_N_1_20230531_083045.wav;4,92815;5,99667;Dolphin echolocation clicks BD;Carles Gallardo;2023-07-05 11:17:27;3310,05587;26689,9441
BCA_N_1_20230531_083045.wav;5,99777;8,98659;Dolphin echolocation clicks BD;Carles Gallardo;2023-07-05 11:17:46;3645,2514;26941,3408
BCA_N_1_20230531_083045.wav;9,01793;11,9815;Dolphin echolocation clicks BD;Carles Gallardo;2023-07-05 11:17:53;3142,4581;25851,9553
BCA_N_1_20230531_083045.wav;12,0179;14,9362;Dolphin echolocation clicks BD;Carles Gallardo;2023-07-05 11:17:59;2639,6648;25516,7598
BCA_N_1_20230531_083045.wav;15,1943;16,409;Dolphin echolocation clicks BD;Carles Gallardo;2023-07-05 11:18:05;2304,46927;30544,6927
BCA_N_1_20230531_083045.wav;16,9382;17,8858;Dolphin echolocation clicks BD;Carles Gallardo;2023-07-05 11:18:10;2974,86034;26354,7486
BCA_N_1_20230531_083045.wav;19,2759;19,9614;Dolphin echolocation clicks BD;Carles Gallardo;2023-07-05 11:18:49;3561,45251;15963,6872
BCA_N_1_20230531_083045.wav;21,2074;22,4674;Dolphin burst BD;Carles Gallardo;2023-07-05 11:18:55;7500;30293,2961
BCA_N_1_20230531_083045.wav;22,8497;23,2479;Dolphin burst BD;Carles Gallardo;2023-07-05 11:19:12;4450,24441;55397,8701
BCA_N_1_20230531_083045.wav;23,2227;23,4344;Dolphin burst BD;Carles Gallardo;2023-07-05 11:19:17;2301,85056;14169,169
BCA_N_1_20230531_083045.wav;23,3385;26,2215;Dolphin echolocation clicks BD;Carles Gallardo;2023-07-05 11:18:22;3561,45251;25851,9553
BCA_N_1_20230531_083045.wav;24,1378;24,3495;Dolphin burst BD;Carles Gallardo;2023-07-05 11:19:23;4143,33101;54681,7388
BCA_N_1_20230531_083045.wav;25,0882;25,31;Dolphin burst BD;Carles Gallardo;2023-07-05 11:19:32;12225,3841;54067,912
BCA_N_1_20230531_083045.wav;25,5217;25,6174;Dolphin whistle BD;Carles Gallardo;2023-07-05 11:19:38;8644,72765;11713,8617
BCA_N_1_20230531_083045.wav;26,2679;29,2063;Dolphin echolocation clicks BD;Carles Gallardo;2023-07-05 11:18:27;3058,65922;24259,7765
BCA_N_1_20230531_083045.wav;29,3032;29,7165;Dolphin echolocation clicks BD;Carles Gallardo;2023-07-05 11:18:32;2891,06145;21829,6089
BCA_N_1_20230531_083045.wav;34,1852;34,9866;Dolphin echolocation clicks BD;Carles Gallardo;2023-07-05 11:16:40;7332,4022;42025,1397
BCA_N_1_20230531_083129.wav;0;300,6;Dolphin echolocation clicks BD;Carles Gallardo;2023-07-05 12:27:24;2608,76397;50078,0377
BCA_N_1_20230531_083129.wav;16,56526;17,0088;Dolphin burst BD;Carles Gallardo;2023-07-05 12:14:03;17852,1299;52226,4316
BCA_N_1_20230531_083129.wav;19,08645;19,65598;Dolphin burst BD;Carles Gallardo;2023-07-05 12:14:43;2915,67737;51919,5182
BCA_N_1_20230531_083129.wav;20,33274;20,95268;Dolphin burst BD;Carles Gallardo;2023-07-05 12:15:10;2301,85056;53760,9986
BCA_N_1_20230531_083129.wav;21,47763;22,3359;Dolphin burst BD;Carles Gallardo;2023-07-05 12:26:51;1483,4148;53249,4763
BCA_N_1_20230531_083129.wav;23,33583;24,1941;Dolphin whistle BD;Carles Gallardo;2023-07-05 12:24:51;8235,50978;45065,1187
BCA_N_1_20230531_083129.wav;24,10828;24,31022;Dolphin whistle BD;Carles Gallardo;2023-07-05 12:24:35;1994,93715;6905,55168
BCA_N_1_20230531_083129.wav;27,93529;28,97027;Dolphin burst BD;Carles Gallardo;2023-07-05 12:15:50;8408,43226;24741,3582
BCA_N_1_20230531_083129.wav;29,23042;31,94661;Dolphin burst BD;Carles Gallardo;2023-07-05 12:16:03;2359,20042;26314,1585
BCA_N_1_20230531_083129.wav;32,73529;32,92714;Dolphin whistle BD;Carles Gallardo;2023-07-05 12:16:07;9134,34008;14699,6334
BCA_N_1_20230531_083129.wav;53,9005;54,00613;Dolphin whistle BD;Carles Gallardo;2023-07-05 12:17:23;2482,14909;3356,01432
BCA_N_1_20230531_083129.wav;54,86126;55,01719;Dolphin whistle BD;Carles Gallardo;2023-07-05 12:17:27;2519,33485;3709,27898
BCA_N_1_20230531_083129.wav;56,96589;57,11177;Dolphin whistle BD;Carles Gallardo;2023-07-05 12:17:36;2128,88443;5345,45216
BCA_N_1_20230531_083129.wav;65,80835;66,85342;Dolphin burst BD;Carles Gallardo;2023-07-05 12:22:24;4527,75838;20827,6885
BCA_N_1_20230531_083129.wav;68,19746;69,03049;Dolphin burst BD;Carles Gallardo;2023-07-05 12:22:31;9450,24441;17902,0601
BCA_N_1_20230531_083129.wav;91,10081;91,8783;Dolphin burst BD;Carles Gallardo;2023-07-05 12:22:41;7685,57961;20502,6187
BCA_N_1_20230531_083129.wav;103,9096;104,0756;Dolphin burst BD;Carles Gallardo;2023-07-05 12:21:14;1924,36278;7390,66865
BCA_N_1_20230531_083129.wav;129,8042;130,0512;Dolphin whistle BD;Carles Gallardo;2023-07-05 11:20:29;13146,1243;16829,0852
BCA_N_1_20230531_083129.wav;130,9433;131,664;Dolphin whistle BD;Carles Gallardo;2023-07-05 11:20:35;8133,20531;15908,345
BCA_N_1_20230531_083129.wav;134,8942;135,0961;Dolphin whistle BD;Carles Gallardo;2023-07-05 12:23:06;8149,96508;9450,24441
BCA_N_1_20230531_083129.wav;136,8273;137,3818;Dolphin whistle BD;Carles Gallardo;2023-07-05 11:20:42;5677,89804;12736,9064
BCA_N_1_20230531_083129.wav;139,0907;139,2472;Dolphin whistle BD;Carles Gallardo;2023-07-05 12:22:56;7267,63268;8939,42039
BCA_N_1_20230531_083129.wav;147,5018;147,8798;Dolphin whistle BD;Carles Gallardo;2023-07-05 11:20:54;6496,3338;11100,0349
BCA_N_1_20230531_083129.wav;162,5018;162,9352;Dolphin whistle BD;Carles Gallardo;2023-07-05 11:21:03;8542,42318;14476,0824
BCA_N_1_20230531_083129.wav;166,6148;167,2156;Dolphin burst BD;Carles Gallardo;2023-07-05 12:23:19;10704,0852;15022,8701
BCA_N_1_20230531_083129.wav;172,5593;172,7057;Dolphin whistle BD;Carles Gallardo;2023-07-05 12:23:37;10425,4539;13769,0293
BCA_N_1_20230531_083129.wav;173,0995;173,8265;Dolphin burst BD;Carles Gallardo;2023-07-05 12:23:33;8846,5433;14279,8534
BCA_N_1_20230531_083639.wav;-0,000546972;0,2810399;Dolphin burst BD;Carles Gallardo;2023-07-05 13:34:49;8693,3485;17223,9001
BCA_N_1_20230531_083639.wav;0;111,5;Dolphin echolocation clicks BD;Carles Gallardo;2023-07-05 13:36:50;3020,5569;51554,251
BCA_N_1_20230531_083639.wav;56,1279;56,83184;Dolphin echolocation clicks BD;Carles Gallardo;2023-07-05 13:40:34;120,8537;5754,49546
BCA_N_1_20230531_083639.wav;56,9478;57,63172;Dolphin echolocation clicks BD;Carles Gallardo;2023-07-05 13:40:40;195,22521;6386,65328
BCA_N_1_20230531_083639.wav;57,7642;58,59829;Dolphin echolocation clicks BD;Carles Gallardo;2023-07-05 13:40:24;176,63233;6963,03247
BCA_N_1_20230531_083639.wav;58,6583;59,34897;Dolphin echolocation clicks BD;Carles Gallardo;2023-07-05 13:40:30;158,03946;6963,03247
BCA_N_1_20230531_083639.wav;59,5106;60,26466;Dolphin echolocation clicks BD;Carles Gallardo;2023-07-05 13:40:10;325,37535;6163,53876
BCA_N_1_20230531_083639.wav;60,5783;61,23554;Dolphin echolocation clicks BD;Carles Gallardo;2023-07-05 13:40:13;288,18959;7781,11906
BCA_N_1_20230531_083639.wav;61,5316;62,21558;Dolphin echolocation clicks BD;Carles Gallardo;2023-07-05 13:40:51;325,37535;5921,83135
BCA_N_1_20230531_083639.wav;62,5708;63,13793;Dolphin echolocation clicks BD;Carles Gallardo;2023-07-05 13:40:55;195,22521;6777,1037
BCA_N_1_20230531_083639.wav;63,578;64,36541;Dolphin echolocation clicks BD;Carles Gallardo;2023-07-05 13:40:59;213,81809;6275,09602
BCA_N_1_20230531_083639.wav;65,0878;65,86847;Dolphin call BD;Carles Gallardo;2023-07-05 13:39:17;195,22521;6405,24616
BCA_N_1_20230531_083639.wav;66,5809;67,44834;Dolphin echolocation clicks BD;Carles Gallardo;2023-07-05 13:39:47;83,667947;6981,62535
BCA_N_1_20230531_083639.wav;68,0111;68,86186;Dolphin echolocation clicks BD;Carles Gallardo;2023-07-05 13:39:54;251,00384;8227,34811
BCA_N_1_20230531_083639.wav;69,5974;70,33806;Dolphin echolocation clicks BD;Carles Gallardo;2023-07-05 13:40:00;269,59672;8264,53387
BCA_N_1_20230531_083639.wav;70,7284;70,85186;Dolphin echolocation clicks BD;Carles Gallardo;2023-07-05 13:40:03;269,59672;5140,93052
BCA_N_1_20230531_083834.wav;0;185,8;Dolphin echolocation clicks BD;Carles Gallardo;2023-07-05 13:55:20;2246,59567;25168,3834
BCA_N_1_20230531_083834.wav;73,16992;73,23509;Dolphin burst BD;Carles Gallardo;2023-07-05 13:56:10;1986,12081;12405,1152
BCA_N_1_20230531_083834.wav;74,56364;74,65387;Dolphin burst BD;Carles Gallardo;2023-07-05 13:56:18;1921,00209;13902,8457
BCA_N_1_20230531_083834.wav;150,5085;151,2671;Dolphin burst BD;Carles Gallardo;2023-07-05 13:54:39;7260,73673;19307,699
BCA_N_1_20230531_083834.wav;151,9099;152,6985;Dolphin burst BD;Carles Gallardo;2023-07-05 13:54:53;10386,4351;21391,4979
BCA_N_1_20230531_084150.wav;21,8618;26,2534;Dolphin echolocation clicks BD;Carles Gallardo;2023-07-05 14:01:19;2135,30028;50693,6103
BCA_N_1_20230531_084150.wav;26,3065;31,2534;Dolphin echolocation clicks BD;Carles Gallardo;2023-07-05 14:01:29;2135,30028;84067,5628
BCA_N_1_20230531_084150.wav;30,3762;30,7104;Dolphin whistle BD;Carles Gallardo;2023-07-05 13:58:16;8953,82332;15530,8135
BCA_N_1_20230531_084150.wav;30,9331;31,6333;Dolphin whistle BD;Carles Gallardo;2023-07-05 13:58:29;10386,4351;17028,544
BCA_N_1_20230531_084150.wav;31,3234;32,5938;Dolphin echolocation clicks BD;Carles Gallardo;2023-07-05 14:01:39;4191,51536;85332,926
BCA_N_1_20230531_084150.wav;32,2314;33,005;Dolphin whistle BD;Carles Gallardo;2023-07-05 13:58:39;7716,56774;17419,2563
BCA_N_1_20230531_084150.wav;33,2731;33,8697;Dolphin whistle BD;Carles Gallardo;2023-07-05 13:58:43;10777,1473;17549,4937
BCA_N_1_20230531_084659.wav;105,8173;106,0189;unknown whistle;Carles Gallardo;2023-07-05 14:03:04;1230,6215;8892,9818
BCA_N_1_20230531_085209.wav;36,8092;36,9453;Dolphin whistle BD;Carles Gallardo;2023-07-05 14:05:00;4388,4427;6245,9846
BCA_N_1_20230531_085209.wav;37,4796;37,6812;Dolphin whistle BD;Carles Gallardo;2023-07-05 14:05:08;4202,6885;6106,669
BCA_N_1_20230531_085209.wav;38,1852;38,3818;Dolphin whistle BD;Carles Gallardo;2023-07-05 14:05:11;4342,0042;5874,4763
BCA_N_1_20230531_085209.wav;40,3183;40,5703;Dolphin whistle BD;Carles Gallardo;2023-07-05 14:05:16;4016,9344;5828,0377
BCA_N_1_20230531_085209.wav;41,0038;41,2406;Dolphin whistle BD;Carles Gallardo;2023-07-05 14:05:19;3970,4958;5828,0377
BCA_N_1_20230531_085209.wav;41,7878;42,0297;Dolphin whistle BD;Carles Gallardo;2023-07-05 14:05:24;3831,1802;6060,2304
BCA_N_1_20230531_092242.wav;0,98225;1,7042;Dolphin echolocation clicks BD;Carles Gallardo;2023-07-05 14:13:44;12429,993;53454,0852
BCA_N_1_20230531_092242.wav;6,879;9,0866;Dolphin echolocation clicks BD;Carles Gallardo;2023-07-05 14:14:17;9360,85894;52021,8226
BCA_N_1_20230531_092817.wav;78,8158;78,9409;Dolphin whistle BD;Carles Gallardo;2023-07-05 14:17:08;8133,20531;27980,2723
BCA_N_1_20230531_092817.wav;82,8199;82,925;Dolphin whistle BD;Carles Gallardo;2023-07-05 14:17:42;10690,817;15908,345
BCA_N_1_20230531_104547.wav;22,91121;23,74929;Dolphin echolocation clicks BD;Carles Gallardo;2023-07-10 10:20:38;18982,1054;24517,1962
BCA_N_1_20230531_104547.wav;27,08859;29,80982;Dolphin echolocation clicks BD;Carles Gallardo;2023-07-10 10:21:05;4265,27584;14619,1515
BCA_N_1_20230531_104547.wav;34,03254;36,61973;Dolphin echolocation clicks BD;Carles Gallardo;2023-07-10 10:21:21;7716,56774;24973,0272
BCA_N_1_20230531_104547.wav;101,5943;104,9905;Dolphin echolocation clicks BD;Carles Gallardo;2023-07-10 10:21:46;5502,53142;25819,5705
BCA_N_1_20230531_104547.wav;105,0746;109,3641;Dolphin echolocation clicks BD;Carles Gallardo;2023-07-10 10:22:01;5502,53142;26014,9267
BCA_N_1_20230531_104547.wav;191,1617;194,9034;Dolphin echolocation clicks BD;Carles Gallardo;2023-07-10 10:22:27;7521,21159;24061,3652
BCA_N_1_20230531_114239.wav;170,4006;172,5716;Pilot whale echolocalization clicks;Carles Gallardo;2023-07-10 11:39:21;1855,8834;23279,9406
BCA_N_1_20230531_114239.wav;197,5269;197,8045;Pilot whale Burst;Carles Gallardo;2023-07-10 11:39:54;3809,4448;29270,8624
BCA_N_1_20230531_114239.wav;200,1223;200,3494;Pilot whale Burst;Carles Gallardo;2023-07-10 11:40:18;2404,155;40461,4176
BCA_N_1_20230531_114239.wav;215,851;217,8521;Pilot whale echolocalization clicks;Carles Gallardo;2023-07-10 11:40:37;4961,7668;47213,5126
BCA_N_1_20230531_114749.wav;10,55437;12,97869;Pilot whale echolocalization clicks;Carles Gallardo;2023-07-10 11:45:05;9360,85894;24604,2249
BCA_N_1_20230531_114749.wav;123,5554;124,2862;Pilot whale echolocalization clicks;Carles Gallardo;2023-07-10 11:45:43;10588,5126;48645,7751
BCA_N_1_20230531_114749.wav;124,4536;126,7015;Pilot whale echolocalization clicks;Carles Gallardo;2023-07-10 11:45:48;9258,55447;47622,7304
BCA_N_1_20230531_114749.wav;196,4687;198,6864;Pilot whale echolocalization clicks;Carles Gallardo;2023-07-10 11:46:27;6803,24721;26036,4874
BCA_N_1_20230531_114749.wav;202,4738;205,2912;Pilot whale echolocalization clicks;Carles Gallardo;2023-07-10 11:46:52;7007,85615;24501,9204
BCA_N_1_20230531_114749.wav;205,373;205,998;Pilot whale echolocalization clicks;Carles Gallardo;2023-07-10 11:46:40;8644,72765;22865,0489
BCA_N_1_20230531_114749.wav;270,928;273,8513;Pilot whale echolocalization clicks;Carles Gallardo;2023-07-10 11:47:15;7007,85615;47111,2081
BCA_N_1_20230531_115259.wav;132,8042;133,2528;Pilot whale whistle;Carles Gallardo;2023-07-10 11:54:59;5085,0209;6617,49302
BCA_N_1_20230531_115259.wav;142,9534;143,6439;Pilot whale whistle;Carles Gallardo;2023-07-10 11:54:50;5177,898;6803,24721
BCA_N_1_20230531_115259.wav;155,9296;156,7763;Pilot whale whistle;Carles Gallardo;2023-07-10 11:56:18;2623,7779;9543,12151
BCA_N_1_20230531_115259.wav;161,284;162,3878;Pilot whale whistle;Carles Gallardo;2023-07-10 11:56:26;1973,6383;8521,47346
BCA_N_1_20230531_115259.wav;259,9765;260,1731;unknown whistle;Carles Gallardo;2023-07-10 11:59:30;1787,8841;14233,4148
BCA_N_1_20230531_120829.wav;0;300,8;Pilot whale echolocalization clicks;Carles Gallardo;2023-07-10 12:02:13;5410,0908;19527,4092
BCA_N_1_20230531_121339.wav;0;301,2;Pilot whale echolocalization clicks;Carles Gallardo;2023-07-10 12:03:50;4315,6425;25013,9665
BCA_N_1_20230531_121850.wav;212,2708;214,8255;Pilot whale echolocalization clicks;Carles Gallardo;2023-07-10 12:06:23;5069,8324;25181,5642
BCA_N_1_20230531_121850.wav;235,7033;239,7316;Pilot whale echolocalization clicks;Carles Gallardo;2023-07-10 12:07:07;4148,0447;43617,3184
BCA_N_1_20230531_121850.wav;239,9617;244,622;Pilot whale echolocalization clicks;Carles Gallardo;2023-07-10 12:07:27;4143,331;54067,912
BCA_N_1_20230531_121850.wav;240,8382;242,2371;Pilot whale whistle;Carles Gallardo;2023-07-10 12:07:37;1892,6327;4143,33101
BCA_N_1_20230531_121850.wav;244,81;245,5264;Pilot whale echolocalization clicks;Carles Gallardo;2023-07-10 12:07:50;2915,6774;52328,736
BCA_N_1_20230531_121850.wav;247,6585;249,4535;Pilot whale whistle;Carles Gallardo;2023-07-10 12:07:58;2097,2416;6394,02933
BCA_N_1_20230531_121850.wav;251,15;253,2821;Pilot whale echolocalization clicks;Carles Gallardo;2023-07-10 12:08:09;4757,1578;53556,3897
BCA_N_1_20230531_121850.wav;252,3635;253,9478;Pilot whale whistle;Carles Gallardo;2023-07-10 12:08:14;2199,5461;3938,72207
BCA_N_1_20230531_121850.wav;280,3227;281,9031;Pilot whale whistle;Carles Gallardo;2023-07-10 12:08:42;2404,155;4347,93994
BCA_N_1_20230531_121850.wav;297,5523;298,9448;Pilot whale whistle;Carles Gallardo;2023-07-10 12:08:51;1483,4148;4450,24441
BCA_N_1_20230531_122433.wav;213,2736;213,6402;Pilot whale unknown;Carles Gallardo;2023-07-10 12:11:09;1465,5639;19889,7957
BCA_N_1_20230531_122433.wav;215,0785;217,0821;Pilot whale unknown;Carles Gallardo;2023-07-10 12:11:18;1791,2448;11933,8774
BCA_N_1_20230531_122433.wav;218,9251;221,0192;Pilot whale unknown;Carles Gallardo;2023-07-10 12:11:58;1093,3572;10631,154
BCA_N_1_20230531_122433.wav;233,5435;233,6741;Pilot whale unknown;Carles Gallardo;2023-07-10 12:12:31;1977,3481;10631,154
BCA_N_1_20230531_122433.wav;234,7738;234,9445;Pilot whale unknown;Carles Gallardo;2023-07-10 12:12:37;2201,4228;8037,75314
BCA_N_1_20230531_122433.wav;235,4316;235,6275;Pilot whale unknown;Carles Gallardo;2023-07-10 12:12:40;1587,0723;30461,5485
BCA_N_1_20230531_122433.wav;236,2092;236,626;Pilot whale unknown;Carles Gallardo;2023-07-10 12:12:47;1382,2888;27082,6205
BCA_N_1_20230531_122433.wav;236,8318;237,1683;Pilot whale unknown;Carles Gallardo;2023-07-10 12:12:50;1484,6805;26877,8369
BCA_N_1_20230531_122433.wav;237,2537;237,3892;Pilot whale unknown;Carles Gallardo;2023-07-10 12:12:52;1689,464;13157,3411
BCA_N_1_20230531_122433.wav;237,4707;238,6357;Pilot whale unknown;Carles Gallardo;2023-07-10 12:12:58;2099,0311;25956,3111
BCA_N_1_20230531_122433.wav;238,8384;239,5828;Pilot whale unknown;Carles Gallardo;2023-07-10 12:13:11;3122,9487;12235,8153
BCA_N_1_20230531_122433.wav;255,8476;256,0038;Pilot whale unknown;Carles Gallardo;2023-07-10 12:13:25;870,32996;13259,7329
BCA_N_1_20230531_122433.wav;256,3212;256,4976;Pilot whale unknown;Carles Gallardo;2023-07-10 12:13:31;1177,5052;16024,3104
BCA_N_1_20230531_122433.wav;256,6549;256,8914;Pilot whale unknown;Carles Gallardo;2023-07-10 12:14:15;870,32996;5273,17563
BCA_N_1_20230531_122433.wav;257,0875;257,2083;Pilot whale unknown;Carles Gallardo;2023-07-10 12:14:18;1177,5052;5580,35091
BCA_N_1_20230531_122433.wav;257,3038;257,505;Pilot whale unknown;Carles Gallardo;2023-07-10 12:14:23;972,72172;41315,0751
BCA_N_1_20230531_122433.wav;257,5402;257,6811;Pilot whale unknown;Carles Gallardo;2023-07-10 12:14:20;1075,1135;15614,7434
BCA_N_1_20230531_122433.wav;257,9175;258,0835;Pilot whale unknown;Carles Gallardo;2023-07-10 12:14:26;1587,0723;15717,1351
BCA_N_1_20230531_122433.wav;258,1083;258,3547;Pilot whale unknown;Carles Gallardo;2023-07-10 12:14:31;1177,5052;48277,7147
BCA_N_1_20230531_122433.wav;258,405;258,5358;Pilot whale unknown;Carles Gallardo;2023-07-10 12:14:34;1791,8558;17764,9703
BCA_N_1_20230531_122433.wav;258,5509;258,737;Pilot whale unknown;Carles Gallardo;2023-07-10 12:14:37;1587,0723;47765,7559
BCA_N_1_20230531_122433.wav;259,2391;261,7685;Pilot whale unknown;Carles Gallardo;2023-07-10 12:15:02;870,32996;48994,4571
BCA_N_1_20230531_122433.wav;262,0444;263,1108;Pilot whale unknown;Carles Gallardo;2023-07-10 12:15:09;870,32996;17560,1868
BCA_N_1_20230531_122910.wav;0,3753513;2,925629;Pilot whale unknown;Carles Gallardo;2023-07-10 12:32:00;870,32996;35069,1777
BCA_N_1_20230531_122910.wav;4,315986;5,845146;Pilot whale unknown;Carles Gallardo;2023-07-10 12:32:11;972,72172;15614,7434
BCA_N_1_20230531_122910.wav;6,501105;8,407525;Pilot whale unknown;Carles Gallardo;2023-07-10 12:32:19;358,37116;16126,7022
BCA_N_1_20230531_122910.wav;11,09566;11,34716;Pilot whale unknown;Carles Gallardo;2023-07-10 12:32:23;972,72172;16638,661
BCA_N_1_20230531_122910.wav;12,33511;14,97593;Pilot whale unknown;Carles Gallardo;2023-07-10 12:32:34;1587,0723;24522,8265
BCA_N_1_20230531_122910.wav;14,99809;15,71237;Pilot whale unknown;Carles Gallardo;2023-07-10 12:32:38;1382,2888;16843,4445
BCA_N_1_20230531_122910.wav;163,1614;172,8189;Pilot whale echolocalization clicks;Carles Gallardo;2023-07-10 12:35:01;1484,6805;22986,9501
BCA_N_1_20230531_122910.wav;173,0097;182,8863;Pilot whale echolocalization clicks;Carles Gallardo;2023-07-10 12:35:10;2406,2064;23703,6924
BCA_N_1_20230531_122910.wav;182,8917;192,8526;Pilot whale echolocalization clicks;Carles Gallardo;2023-07-10 12:35:17;1996,6393;24830,0017
BCA_N_1_20230531_122910.wav;192,9254;202,8189;Pilot whale echolocalization clicks;Carles Gallardo;2023-07-10 12:35:23;2610,9899;24727,61
BCA_N_1_20230531_122910.wav;202,9265;212,7189;Pilot whale echolocalization clicks;Carles Gallardo;2023-07-10 12:35:51;2406,2064;24932,3935
BCA_N_1_20230531_122910.wav;212,8249;222,8027;Pilot whale echolocalization clicks;Carles Gallardo;2023-07-10 12:36:35;2442,6065;24821,5346
BCA_N_1_20230531_122910.wav;222,8249;232,8195;Pilot whale whistle;Carles Gallardo;2023-07-10 12:36:54;2508,5981;51963,8181
BCA_N_1_20230531_122910.wav;232,8587;242,7353;Pilot whale whistle;Carles Gallardo;2023-07-10 12:37:01;2303,8146;24113,2594
BCA_N_1_20230531_122910.wav;242,8418;252,8364;Pilot whale whistle;Carles Gallardo;2023-07-10 12:37:08;2406,2064;26263,4864
BCA_N_1_20230531_122910.wav;252,8418;262,7858;Pilot whale whistle;Carles Gallardo;2023-07-10 12:37:15;2303,8146;23806,0841
BCA_N_1_20230531_122910.wav;262,8249;272,8027;Pilot whale whistle;Carles Gallardo;2023-07-10 12:37:23;1996,6393;36093,0953
BCA_N_1_20230531_122910.wav;272,8249;282,7858;Pilot whale whistle;Carles Gallardo;2023-07-10 12:37:30;2099,0311;27389,7957
BCA_N_1_20230531_122910.wav;282,8924;292,8195;Pilot whale whistle;Carles Gallardo;2023-07-10 12:37:38;1689,464;52782,9522
BCA_N_1_20230531_122910.wav;292,8439;300,6137;Pilot whale whistle;Carles Gallardo;2023-07-10 12:37:45;1791,8558;51451,8593
BCA_N_1_20230531_123420.wav;0;300,9;Pilot whale echolocalization clicks;Carles Gallardo;2023-07-10 13:09:22;3122,9487;51451,8593
BCA_N_1_20230531_123420.wav;203,0824;203,3188;Pilot whale burst;Carles Gallardo;2023-07-10 13:09:10;5170,7839;52066,2098
BCA_N_1_20230531_124439.wav;261,2496;263,0655;Pilot whale echolocalization clicks;Carles Gallardo;2023-07-10 13:12:43;5785,13443;13362,1247
BCA_N_1_20230531_124439.wav;264,0031;266,9457;Pilot whale echolocalization clicks;Carles Gallardo;2023-07-10 13:12:49;6604,26851;24420,4347
BCA_N_1_20230531_124439.wav;267,0534;267,7727;Pilot whale echolocalization clicks;Carles Gallardo;2023-07-10 13:12:54;5477,95915;22884,5583
BCA_N_1_20230531_124439.wav;276,0735;278,0252;Pilot whale echolocalization clicks;Carles Gallardo;2023-07-10 13:13:02;10904,7224;25239,5688
BCA_N_1_20230531_124439.wav;282,0534;284,9659;Pilot whale echolocalization clicks;Carles Gallardo;2023-07-10 13:13:16;4658,82507;17457,795
BCA_N_1_20230531_124439.wav;284,9579;287,9709;Pilot whale echolocalization clicks;Carles Gallardo;2023-07-10 13:13:20;4556,43331;20324,7643
BCA_N_1_20230531_124439.wav;298,2484;299,5361;Pilot whale echolocalization clicks;Carles Gallardo;2023-07-10 13:13:38;3020,55691;28618,4969
BCA_N_1_20230531_124950.wav;15,46086;17,60873;Pilot whale echolocalization clicks;Carles Gallardo;2023-07-10 13:14:06;9573,6295;22782,1666
BCA_N_1_20230531_124950.wav;87,32002;89,96084;Pilot whale echolocalization clicks;Carles Gallardo;2023-07-10 13:14:26;6911,4438;25853,9193
BCA_N_1_20230531_124950.wav;125,9629;128,9206;Pilot whale echolocalization clicks;Carles Gallardo;2023-07-10 13:14:40;6706,6603;25239,5688
BCA_N_1_20230531_124950.wav;129,0937;131,9558;Pilot whale echolocalization clicks;Carles Gallardo;2023-07-10 13:14:46;6092,3097;24625,2182
BCA_N_1_20230531_124950.wav;135,1138;135,9588;Pilot whale echolocalization clicks;Carles Gallardo;2023-07-10 13:14:51;6297,0932;22782,1666
BCA_N_1_20230531_124950.wav;148,4367;149,9508;Pilot whale echolocalization clicks;Carles Gallardo;2023-07-10 13:15:02;9061,6707;47663,3642
BCA_N_1_20230531_124950.wav;150,0333;152,9659;Pilot whale echolocalization clicks;Carles Gallardo;2023-07-10 13:15:07; 6809,052;26263,4864
